movie_id,title,genre,experience_type,year,rating_percent,popularity_score,age_limit,tags,synopsis,director,cast,keywords,combined_features
1,Inception,Sci-Fi|Thriller,intense,2010,87,0.9,13,cult,A skilled thief who infiltrates dreams is offered a chance to have his criminal record erased if he can successfully plant an idea in a target's subconscious.,Christopher Nolan,"Leonardo DiCaprio, Joseph Gordon-Levitt, Ellen Page","record, criminal, have, infiltrates, plant, dreams, thief, offered, idea, chance, thriller, sci-fi",scifithriller scifithriller scifithriller intense intense christophernolan christophernolan christophernolan christophernolan leonardodicaprio josephgordonlevitt ellenpage leonardodicaprio josephgordonlevitt ellenpage record criminal infiltrates plant dreams thief offered idea chance thriller scifi skilled thief infiltrates dreams offered chance criminal record erased successfully plant idea targets subconscious skilled thief infiltrates dreams offered chance criminal record erased successfully plant idea targets subconscious wallypfister wallypfister hanszimmer hanszimmer christophernolan christophernolan cult 2010s good highlyrated blockbuster mainstream popular trending generalaudience netflix primevideo
2,The Grand Budapest Hotel,Comedy|Drama,fun,2014,84,0.7,13,underrated,A legendary concierge at a famous European hotel and his trusted lobby boy become embroiled in the theft of a priceless painting.,Wes Anderson,"Ralph Fiennes, Tony Revolori, Adrien Brody","hotel, legendary, european, painting, embroiled, drama, famous, comedy, priceless, theft, trusted, concierge",comedydrama comedydrama comedydrama fun fun wesanderson wesanderson wesanderson wesanderson ralphfiennes tonyrevolori adrienbrody ralphfiennes tonyrevolori adrienbrody hotel legendary european painting embroiled drama famous comedy priceless theft trusted concierge legendary concierge famous european hotel trusted lobby boy become embroiled theft priceless painting legendary concierge famous european hotel trusted lobby boy become embroiled theft priceless painting robertyeoman robertyeoman alexandredesplat alexandredesplat wesanderson wesanderson underrated 2010s good highlyrated popular known generalaudience disney primevideo
3,Finding Nemo,Animation|Adventure,fun,2003,86,0.8,0,family-safe,"A clownfish named Marlin embarks on a perilous journey across the ocean to find his abducted son Nemo, with the help of a forgetful fish named Dory.","Andrew Stanton, Lee Unkrich","Albert Brooks, Ellen DeGeneres, Alexander Gould","named, embarks, perilous, adventure, abducted, nemo, forgetful, help, clownfish, marlin, animation, dory",animationadventure animationadventure animationadventure fun fun andrewstanton leeunkrich andrewstanton leeunkrich andrewstanton leeunkrich andrewstanton leeunkrich albertbrooks ellendegeneres alexandergould albertbrooks ellendegeneres alexandergould named embarks perilous adventure abducted nemo forgetful help clownfish marlin animation dory clownfish named marlin embarks perilous journey across ocean find abducted son nemo help forgetful fish named dory clownfish named marlin embarks perilous journey across ocean find abducted son nemo help forgetful fish named dory sharoncalahan jeremylasky sharoncalahan jeremylasky thomasnewman thomasnewman andrewstanton bobpeterson andrewstanton bobpeterson familysafe 2000s good highlyrated popular known familyfriendly allages kidssafe disney
4,Blade Runner 2049,Sci-Fi|Drama,intense,2017,81,0.7,16,cult|underrated,A young blade runner uncovers a long-buried secret that has the potential to plunge what's left of society into chaos.,Denis Villeneuve,"Ryan Gosling, Harrison Ford, Ana de Armas","potential, young, buried, into, plunge, uncovers, drama, blade, what, society, sci-fi, chaos",scifidrama scifidrama scifidrama intense intense denisvilleneuve denisvilleneuve denisvilleneuve denisvilleneuve ryangosling harrisonford anadearmas ryangosling harrisonford anadearmas potential young buried into plunge uncovers drama blade society scifi chaos young blade runner uncovers longburied secret potential plunge whats left society into chaos young blade runner uncovers longburied secret potential plunge whats left society into chaos rogerdeakins rogerdeakins hanszimmer benjaminwallfisch hanszimmer benjaminwallfisch hamptonfancher michaelgreen hamptonfancher michaelgreen cult underrated 2010s good highlyrated popular known teenplus primevideo appletv
5,The Shawshank Redemption,Drama,emotional,1994,91,1.0,16,cult,A banker sentenced to life in Shawshank State Penitentiary forms an unlikely friendship and finds hope through acts of common decency.,Frank Darabont,"Tim Robbins, Morgan Freeman, Bob Gunton","acts, sentenced, penitentiary, unlikely, common, drama, banker, shawshank, friendship, life, finds",drama drama drama emotional emotional frankdarabont frankdarabont frankdarabont frankdarabont timrobbins morganfreeman bobgunton timrobbins morganfreeman bobgunton acts sentenced penitentiary unlikely common drama banker shawshank friendship life finds banker sentenced life shawshank state penitentiary forms unlikely friendship finds hope acts common decency banker sentenced life shawshank state penitentiary forms unlikely friendship finds hope acts common decency rogerdeakins rogerdeakins thomasnewman thomasnewman frankdarabont frankdarabont cult 1990s excellent masterpiece highquality blockbuster mainstream popular trending teenplus netflix hbomax
6,My Neighbor Totoro,Animation|Fantasy,relaxing,1988,88,0.7,0,family-safe|cult,"Two young girls move to the countryside and befriend playful forest spirits, including the lovable giant creature Totoro.",Hayao Miyazaki,"Noriko Hidaka, Chika Sakamoto, Shigesato Itoi","befriend, young, countryside, spirits, move, girls, lovable, totoro, animation, fantasy, creature, giant",animationfantasy animationfantasy animationfantasy relaxing relaxing hayaomiyazaki hayaomiyazaki hayaomiyazaki hayaomiyazaki norikohidaka chikasakamoto shigesatoitoi norikohidaka chikasakamoto shigesatoitoi befriend young countryside spirits move girls lovable totoro animation fantasy creature giant two young girls move countryside befriend playful forest spirits including lovable giant creature totoro two young girls move countryside befriend playful forest spirits including lovable giant creature totoro hisaoshirai hisaoshirai joehisaishi joehisaishi hayaomiyazaki hayaomiyazaki familysafe cult 1980s good highlyrated popular known familyfriendly allages kidssafe netflix hbomax
7,Pulp Fiction,Crime|Drama,intense,1994,89,0.9,18,cult,"The lives of two mob hitmen, a boxer, a gangster and his wife, and a pair of diner bandits intertwine in four tales of violence and redemption.",Quentin Tarantino,"John Travolta, Uma Thurman, Samuel L. Jackson","violence, pair, boxer, bandits, lives, tales, hitmen, four, drama, intertwine, gangster, crime",crimedrama crimedrama crimedrama intense intense quentintarantino quentintarantino quentintarantino quentintarantino johntravolta umathurman samuelljackson johntravolta umathurman samuelljackson violence pair boxer bandits lives tales hitmen four drama intertwine gangster crime lives two mob hitmen boxer gangster wife pair diner bandits intertwine four tales violence redemption lives two mob hitmen boxer gangster wife pair diner bandits intertwine four tales violence redemption andrzejsekuła andrzejsekuła quentintarantino quentintarantino cult 1990s good highlyrated blockbuster mainstream popular trending mature adultcontent rrated primevideo paramount
8,Coco,Animation|Family|Fantasy,emotional,2017,90,0.8,0,family-safe,A young boy who dreams of becoming a musician journeys to the Land of the Dead to uncover his family's history.,"Lee Unkrich, Adrian Molina","Anthony Gonzalez, Gael García Bernal, Benjamin Bratt","young, uncover, journeys, dreams, becoming, family, history, musician, land, animation, fantasy, dead",animationfamilyfantasy animationfamilyfantasy animationfamilyfantasy emotional emotional leeunkrich adrianmolina leeunkrich adrianmolina leeunkrich adrianmolina leeunkrich adrianmolina anthonygonzalez gaelgarcíabernal benjaminbratt anthonygonzalez gaelgarcíabernal benjaminbratt young uncover journeys dreams becoming family history musician land animation fantasy dead young boy dreams becoming musician journeys land dead uncover familys history young boy dreams becoming musician journeys land dead uncover familys history mattaspbury daniellefeinberg mattaspbury daniellefeinberg michaelgiacchino michaelgiacchino adrianmolina matthewaldrich adrianmolina matthewaldrich familysafe 2010s excellent masterpiece highquality popular known familyfriendly allages kidssafe disney
9,Drive,Action|Drama,intense,2011,79,0.7,18,cult|underrated,A Hollywood stunt driver who moonlights as a getaway driver finds himself in trouble when he helps his neighbour.,Nicolas Winding Refn,"Ryan Gosling, Carey Mulligan, Bryan Cranston","himself, stunt, moonlights, helps, drama, neighbour, driver, hollywood, finds, action, trouble, when",actiondrama actiondrama actiondrama intense intense nicolaswindingrefn nicolaswindingrefn nicolaswindingrefn nicolaswindingrefn ryangosling careymulligan bryancranston ryangosling careymulligan bryancranston stunt moonlights helps drama neighbour driver hollywood finds action trouble hollywood stunt driver moonlights getaway driver finds trouble helps neighbour hollywood stunt driver moonlights getaway driver finds trouble helps neighbour newtonthomassigel newtonthomassigel cliffmartinez cliffmartinez hosseinamini hosseinamini cult underrated 2010s average decent popular known mature adultcontent rrated primevideo appletv
10,The Secret Life of Walter Mitty,Adventure|Comedy|Drama,relaxing,2013,65,0.6,0,underrated|family-safe,"A daydreamer escapes his anonymous life by disappearing into a world of fantasies of romance, heroism, and action.",Ben Stiller,"Ben Stiller, Kristen Wiig, Sean Penn","world, anonymous, into, adventure, romance, drama, escapes, fantasies, life, heroism, action, comedy, daydreamer",adventurecomedydrama adventurecomedydrama adventurecomedydrama relaxing relaxing benstiller benstiller benstiller benstiller benstiller kristenwiig seanpenn benstiller kristenwiig seanpenn world anonymous into adventure romance drama escapes fantasies life heroism action comedy daydreamer daydreamer escapes anonymous life disappearing into world fantasies romance heroism action daydreamer escapes anonymous life disappearing into world fantasies romance heroism action stuartdryburgh stuartdryburgh theodoreshapiro theodoreshapiro steveconrad steveconrad underrated familysafe 2010s belowaverage niche indie hiddengem familyfriendly allages kidssafe disney primevideo
11,Interstellar,Sci-Fi|Drama|Adventure,emotional,2014,85,0.9,13,cult,A team of explorers travel through a wormhole in space in an attempt to ensure humanity's survival on a dying Earth.,Christopher Nolan,"Matthew McConaughey, Anne Hathaway, Jessica Chastain","team, earth, adventure, travel, sci-fi, wormhole, drama, ensure, through, dying, survival, explorers, humanity",scifidramaadventure scifidramaadventure scifidramaadventure emotional emotional christophernolan christophernolan christophernolan christophernolan matthewmcconaughey annehathaway jessicachastain matthewmcconaughey annehathaway jessicachastain team earth adventure travel scifi wormhole drama ensure dying survival explorers humanity team explorers travel wormhole space attempt ensure humanitys survival dying earth team explorers travel wormhole space attempt ensure humanitys survival dying earth hoytevanhoytema hoytevanhoytema hanszimmer hanszimmer jonathannolan christophernolan jonathannolan christophernolan cult 2010s good highlyrated blockbuster mainstream popular trending generalaudience paramount primevideo
12,Spirited Away,Animation|Fantasy|Adventure,fun,2001,96,0.8,0,cult|family-safe,"A young girl wanders into a world of spirits ruled by gods, witches, and strange creatures, and must find the courage to free herself and her parents.",Hayao Miyazaki,"Rumi Hiiragi, Miyu Irino, Mari Natsuki","creatures, wanders, young, ruled, spirits, courage, world, herself, into, gods, adventure, animation, fantasy",animationfantasyadventure animationfantasyadventure animationfantasyadventure fun fun hayaomiyazaki hayaomiyazaki hayaomiyazaki hayaomiyazaki rumihiiragi miyuirino marinatsuki rumihiiragi miyuirino marinatsuki creatures wanders young ruled spirits courage world into gods adventure animation fantasy young girl wanders into world spirits ruled gods witches strange creatures must find courage free parents young girl wanders into world spirits ruled gods witches strange creatures must find courage free parents atsushiokui atsushiokui joehisaishi joehisaishi hayaomiyazaki hayaomiyazaki cult familysafe 2000s excellent masterpiece highquality popular known familyfriendly allages kidssafe netflix hbomax
13,The Wolf of Wall Street,Crime|Comedy|Drama,fun,2013,79,0.9,18,,"Based on the true story of Jordan Belfort, a wealthy stockbroker who ran a massive securities fraud scheme.",Martin Scorsese,"Leonardo DiCaprio, Jonah Hill, Margot Robbie","massive, jordan, wealthy, fraud, story, scheme, true, stockbroker, securities, drama, belfort, crime, comedy",crimecomedydrama crimecomedydrama crimecomedydrama fun fun martinscorsese martinscorsese martinscorsese martinscorsese leonardodicaprio jonahhill margotrobbie leonardodicaprio jonahhill margotrobbie massive jordan wealthy fraud story scheme true stockbroker securities drama belfort crime comedy based true story jordan belfort wealthy stockbroker ran massive securities fraud scheme based true story jordan belfort wealthy stockbroker ran massive securities fraud scheme rodrigoprieto rodrigoprieto terencewinter terencewinter 2010s average decent blockbuster mainstream popular trending mature adultcontent rrated paramount primevideo
14,Up,Animation|Adventure|Comedy,emotional,2009,88,0.8,0,family-safe,"An elderly widower ties thousands of balloons to his house and flies to South America, accidentally taking a young stowaway along for the ride.","Pete Docter, Bob Peterson","Ed Asner, Jordan Nagai, Christopher Plummer","balloons, young, ties, south, ride, adventure, widower, flies, comedy, thousands, animation, elderly, accidentally",animationadventurecomedy animationadventurecomedy animationadventurecomedy emotional emotional petedocter bobpeterson petedocter bobpeterson petedocter bobpeterson petedocter bobpeterson edasner jordannagai christopherplummer edasner jordannagai christopherplummer balloons young ties south ride adventure widower flies comedy thousands animation elderly accidentally elderly widower ties thousands balloons house flies south america accidentally taking young stowaway along ride elderly widower ties thousands balloons house flies south america accidentally taking young stowaway along ride patricklin jeanclaudekalache patricklin jeanclaudekalache michaelgiacchino michaelgiacchino petedocter bobpeterson petedocter bobpeterson familysafe 2000s good highlyrated popular known familyfriendly allages kidssafe disney
15,Moonlight,Drama,emotional,2016,92,0.7,18,underrated,"A timeless story of human self-discovery and connection, told across three defining chapters in the life of a young Black man growing up in Miami.",Barry Jenkins,"Trevante Rhodes, André Holland, Janelle Monáe","young, miami, black, told, human, story, timeless, discovery, drama, chapters, self",drama drama drama emotional emotional barryjenkins barryjenkins barryjenkins barryjenkins trevanterhodes andréholland janellemonáe trevanterhodes andréholland janellemonáe young miami black told human story timeless discovery drama chapters self timeless story human selfdiscovery connection told across three defining chapters life young black man growing miami timeless story human selfdiscovery connection told across three defining chapters life young black man growing miami jameslaxton jameslaxton nicholasbritell nicholasbritell barryjenkins tarellalvinmccraney barryjenkins tarellalvinmccraney underrated 2010s excellent masterpiece highquality popular known mature adultcontent rrated primevideo appletv
16,The Matrix,Sci-Fi|Action,intense,1999,83,0.9,16,cult,A computer hacker learns about the true nature of reality and his role in the war against its controllers.,"Lana Wachowski, Lilly Wachowski","Keanu Reeves, Laurence Fishburne, Carrie-Anne Moss","role, against, controllers, about, sci-fi, nature, true, hacker, computer, reality, action, learns",scifiaction scifiaction scifiaction intense intense lanawachowski lillywachowski lanawachowski lillywachowski lanawachowski lillywachowski lanawachowski lillywachowski keanureeves laurencefishburne carrieannemoss keanureeves laurencefishburne carrieannemoss role controllers scifi nature true hacker computer reality action learns computer hacker learns true nature reality role war controllers computer hacker learns true nature reality role war controllers billpope billpope dondavis dondavis lanawachowski lillywachowski lanawachowski lillywachowski cult 1990s good highlyrated blockbuster mainstream popular trending teenplus hbomax primevideo
17,Lost in Translation,Drama|Romance,relaxing,2003,80,0.6,13,underrated,A faded movie star and a neglected young woman form an unlikely bond after crossing paths in Tokyo.,Sofia Coppola,"Bill Murray, Scarlett Johansson, Giovanni Ribisi","form, neglected, young, woman, unlikely, paths, tokyo, romance, drama, star, faded, after",dramaromance dramaromance dramaromance relaxing relaxing sofiacoppola sofiacoppola sofiacoppola sofiacoppola billmurray scarlettjohansson giovanniribisi billmurray scarlettjohansson giovanniribisi form neglected young woman unlikely paths tokyo romance drama star faded faded movie star neglected young woman form unlikely bond crossing paths tokyo faded movie star neglected young woman form unlikely bond crossing paths tokyo lanceacord lanceacord kevinshields brianreitzell kevinshields brianreitzell sofiacoppola sofiacoppola underrated 2000s good highlyrated niche indie hiddengem generalaudience primevideo appletv
18,Mad Max: Fury Road,Action|Sci-Fi,intense,2015,90,0.8,16,cult,"In a post-apocalyptic wasteland, a woman rebels against a tyrannical ruler in search for her homeland with the aid of a drifter named Max.",George Miller,"Tom Hardy, Charlize Theron, Nicholas Hoult","named, ruler, against, apocalyptic, woman, post, rebels, homeland, wasteland, search, action, sci-fi",actionscifi actionscifi actionscifi intense intense georgemiller georgemiller georgemiller georgemiller tomhardy charlizetheron nicholashoult tomhardy charlizetheron nicholashoult named ruler apocalyptic woman post rebels homeland wasteland search action scifi postapocalyptic wasteland woman rebels tyrannical ruler search homeland aid drifter named max postapocalyptic wasteland woman rebels tyrannical ruler search homeland aid drifter named max johnseale johnseale junkiexltomholkenborg junkiexltomholkenborg georgemiller brendanmccarthy nicolathouris georgemiller brendanmccarthy nicolathouris cult 2010s excellent masterpiece highquality popular known teenplus hbomax primevideo
19,The Truman Show,Comedy|Drama,emotional,1998,83,0.8,0,cult|family-safe,"An insurance salesman discovers his whole life is actually a giant TV show, and everyone around him is acting.",Peter Weir,"Jim Carrey, Laura Linney, Ed Harris","around, actually, everyone, drama, comedy, insurance, life, discovers, show, giant, salesman, acting",comedydrama comedydrama comedydrama emotional emotional peterweir peterweir peterweir peterweir jimcarrey lauralinney edharris jimcarrey lauralinney edharris around actually everyone drama comedy insurance life discovers show giant salesman acting insurance salesman discovers whole life actually giant tv show everyone around acting insurance salesman discovers whole life actually giant tv show everyone around acting peterbiziou peterbiziou burkharddallwitz philipglass burkharddallwitz philipglass andrewniccol andrewniccol cult familysafe 1990s good highlyrated popular known familyfriendly allages kidssafe paramount primevideo
20,Amélie,Romance|Comedy,fun,2001,85,0.7,13,underrated,"A shy waitress in Montmartre decides to change the lives of those around her for the better, while struggling with her own isolation.",Jean-Pierre Jeunet,"Audrey Tautou, Mathieu Kassovitz, Rufus","around, lives, montmartre, waitress, those, decides, romance, change, struggling, while, better, comedy",romancecomedy romancecomedy romancecomedy fun fun jeanpierrejeunet jeanpierrejeunet jeanpierrejeunet jeanpierrejeunet audreytautou mathieukassovitz rufus audreytautou mathieukassovitz rufus around lives montmartre waitress decides romance change struggling better comedy shy waitress montmartre decides change lives around better struggling isolation shy waitress montmartre decides change lives around better struggling isolation brunodelbonnel brunodelbonnel yanntiersen yanntiersen jeanpierrejeunet guillaumelaurant jeanpierrejeunet guillaumelaurant underrated 2000s good highlyrated popular known generalaudience primevideo appletv
21,Fight Club,Drama|Thriller,intense,1999,79,0.9,18,cult,An insomniac office worker and a devil-may-care soap maker form an underground fight club that evolves into something much more.,David Fincher,"Brad Pitt, Edward Norton, Helena Bonham Carter","form, much, something, fight, worker, underground, into, club, office, maker, drama, thriller",dramathriller dramathriller dramathriller intense intense davidfincher davidfincher davidfincher davidfincher bradpitt edwardnorton helenabonhamcarter bradpitt edwardnorton helenabonhamcarter form much something fight worker underground into club office maker drama thriller insomniac office worker devilmaycare soap maker form underground fight club evolves into something much insomniac office worker devilmaycare soap maker form underground fight club evolves into something much jeffcronenweth jeffcronenweth thedustbrothers thedustbrothers jimuhls jimuhls cult 1990s average decent blockbuster mainstream popular trending mature adultcontent rrated primevideo hulu
22,Inside Out,Animation|Comedy|Family,emotional,2015,94,0.8,0,family-safe,"After young Riley is uprooted from her Midwest life, her emotions — Joy, Fear, Anger, Disgust and Sadness — conflict on how to navigate a new city.","Pete Docter, Ronnie del Carmen","Amy Poehler, Bill Hader, Lewis Black","young, fear, conflict, midwest, navigate, riley, emotions, family, animation, life, anger, city, comedy",animationcomedyfamily animationcomedyfamily animationcomedyfamily emotional emotional petedocter ronniedelcarmen petedocter ronniedelcarmen petedocter ronniedelcarmen petedocter ronniedelcarmen amypoehler billhader lewisblack amypoehler billhader lewisblack young fear conflict midwest navigate riley emotions family animation life anger city comedy young riley uprooted midwest life emotions joy fear anger disgust sadness conflict navigate new city young riley uprooted midwest life emotions joy fear anger disgust sadness conflict navigate new city patricklin patricklin michaelgiacchino michaelgiacchino petedocter meglefauve joshcooley petedocter meglefauve joshcooley familysafe 2010s excellent masterpiece highquality popular known familyfriendly allages kidssafe disney
23,No Country for Old Men,Thriller|Crime,intense,2007,86,0.8,18,cult,Violence and mayhem ensue after a hunter stumbles upon a drug deal gone wrong and a suitcase full of cash in the desert.,"Joel Coen, Ethan Coen","Javier Bardem, Josh Brolin, Tommy Lee Jones","hunter, violence, full, suitcase, stumbles, drug, deal, mayhem, crime, upon, thriller, wrong",thrillercrime thrillercrime thrillercrime intense intense joelcoen ethancoen joelcoen ethancoen joelcoen ethancoen joelcoen ethancoen javierbardem joshbrolin tommyleejones javierbardem joshbrolin tommyleejones hunter violence full suitcase stumbles drug deal mayhem crime upon thriller wrong violence mayhem ensue hunter stumbles upon drug deal gone wrong suitcase full cash desert violence mayhem ensue hunter stumbles upon drug deal gone wrong suitcase full cash desert rogerdeakins rogerdeakins carterburwell carterburwell joelcoen ethancoen joelcoen ethancoen cult 2000s good highlyrated popular known mature adultcontent rrated paramount primevideo
24,WALL-E,Animation|Sci-Fi|Family,relaxing,2008,95,0.8,0,family-safe|cult,"In a distant future, a small waste-collecting robot inadvertently embarks on a space journey that will decide the fate of mankind.",Andrew Stanton,"Ben Burtt, Elissa Knight, Jeff Garlin","embarks, mankind, future, collecting, small, will, family, animation, inadvertently, waste, journey, decide, sci-fi",animationscififamily animationscififamily animationscififamily relaxing relaxing andrewstanton andrewstanton andrewstanton andrewstanton benburtt elissaknight jeffgarlin benburtt elissaknight jeffgarlin embarks mankind future collecting small family animation inadvertently waste journey decide scifi distant future small wastecollecting robot inadvertently embarks space journey decide fate mankind distant future small wastecollecting robot inadvertently embarks space journey decide fate mankind jeremylasky daniellefeinberg jeremylasky daniellefeinberg thomasnewman thomasnewman andrewstanton petedocter andrewstanton petedocter familysafe cult 2000s excellent masterpiece highquality popular known familyfriendly allages kidssafe disney
25,Her,Sci-Fi|Romance|Drama,emotional,2013,82,0.7,13,underrated,"In a near future, a lonely writer develops an unlikely relationship with an operating system designed to meet his every need.",Spike Jonze,"Joaquin Phoenix, Scarlett Johansson, Amy Adams","writer, operating, meet, near, future, unlikely, relationship, romance, drama, develops, every, need, sci-fi",scifiromancedrama scifiromancedrama scifiromancedrama emotional emotional spikejonze spikejonze spikejonze spikejonze joaquinphoenix scarlettjohansson amyadams joaquinphoenix scarlettjohansson amyadams writer operating meet near future unlikely relationship romance drama develops every need scifi near future lonely writer develops unlikely relationship operating system designed meet every need near future lonely writer develops unlikely relationship operating system designed meet every need hoytevanhoytema hoytevanhoytema arcadefire owenpallett arcadefire owenpallett spikejonze spikejonze underrated 2010s good highlyrated popular known generalaudience primevideo appletv
26,The Dark Knight,Action|Crime|Drama,intense,2008,90,1.0,13,cult,"Batman raises the stakes in his war on crime, facing off against the Joker, a criminal mastermind who wreaks havoc on Gotham City.",Christopher Nolan,"Christian Bale, Heath Ledger, Aaron Eckhart","mastermind, criminal, against, batman, gotham, havoc, drama, wreaks, joker, stakes, raises, crime, action",actioncrimedrama actioncrimedrama actioncrimedrama intense intense christophernolan christophernolan christophernolan christophernolan christianbale heathledger aaroneckhart christianbale heathledger aaroneckhart mastermind criminal batman gotham havoc drama wreaks joker stakes raises crime action batman raises stakes war crime facing joker criminal mastermind wreaks havoc gotham city batman raises stakes war crime facing joker criminal mastermind wreaks havoc gotham city wallypfister wallypfister hanszimmer jamesnewtonhoward hanszimmer jamesnewtonhoward jonathannolan christophernolan jonathannolan christophernolan cult 2000s excellent masterpiece highquality blockbuster mainstream popular trending generalaudience hbomax primevideo
27,Paddington 2,Comedy|Family|Adventure,fun,2017,93,0.7,0,family-safe|underrated,"Paddington, now settled with the Brown family in London, picks up a series of odd jobs to buy the perfect present, but must clear his name when the gift is stolen.",Paul King,"Ben Whishaw, Hugh Grant, Hugh Bonneville","paddington, series, perfect, present, jobs, clear, name, gift, family, adventure, brown, comedy",comedyfamilyadventure comedyfamilyadventure comedyfamilyadventure fun fun paulking paulking paulking paulking benwhishaw hughgrant hughbonneville benwhishaw hughgrant hughbonneville paddington series perfect present jobs clear name gift family adventure brown comedy paddington settled brown family london picks series odd jobs buy perfect present must clear name gift stolen paddington settled brown family london picks series odd jobs buy perfect present must clear name gift stolen erikwilson erikwilson dariomarianelli dariomarianelli paulking simonfarnaby paulking simonfarnaby familysafe underrated 2010s excellent masterpiece highquality popular known familyfriendly allages kidssafe netflix primevideo
28,Eternal Sunshine of the Spotless Mind,Romance|Drama|Sci-Fi,emotional,2004,82,0.8,16,cult|underrated,"When their relationship turns sour, a couple undergoes a medical procedure to have each other erased from their memories.",Michel Gondry,"Jim Carrey, Kate Winslet, Kirsten Dunst","have, turns, procedure, relationship, sci-fi, romance, their, drama, medical, sour, other, each, memories",romancedramascifi romancedramascifi romancedramascifi emotional emotional michelgondry michelgondry michelgondry michelgondry jimcarrey katewinslet kirstendunst jimcarrey katewinslet kirstendunst turns procedure relationship scifi romance drama medical sour memories relationship turns sour couple undergoes medical procedure erased memories relationship turns sour couple undergoes medical procedure erased memories ellenkuras ellenkuras jonbrion jonbrion charliekaufman charliekaufman cult underrated 2000s good highlyrated popular known teenplus peacock primevideo
29,John Wick,Action|Thriller,intense,2014,75,0.8,18,,An ex-hitman comes out of retirement to track down the gangsters that killed his dog and took everything from him.,"Chad Stahelski, David Leitch","Keanu Reeves, Michael Nyqvist, Alfie Allen","everything, killed, gangsters, down, track, retirement, took, comes, hitman, action, thriller",actionthriller actionthriller actionthriller intense intense chadstahelski davidleitch chadstahelski davidleitch chadstahelski davidleitch chadstahelski davidleitch keanureeves michaelnyqvist alfieallen keanureeves michaelnyqvist alfieallen everything killed gangsters track retirement took comes hitman action thriller exhitman comes retirement track gangsters killed dog took everything exhitman comes retirement track gangsters killed dog took everything jonathansela jonathansela tylerbates joeljrichard tylerbates joeljrichard derekkolstad derekkolstad 2010s average decent popular known mature adultcontent rrated peacock primevideo
30,Ratatouille,Animation|Comedy|Family,fun,2007,92,0.8,0,family-safe,A rat named Remy dreams of becoming a great chef and tries to achieve his goal by forming an alliance with a Parisian restaurant's garbage boy.,"Brad Bird, Jan Pinkava","Patton Oswalt, Ian Holm, Lou Romano","named, goal, remy, alliance, great, becoming, dreams, forming, parisian, animation, family, achieve, comedy",animationcomedyfamily animationcomedyfamily animationcomedyfamily fun fun bradbird janpinkava bradbird janpinkava bradbird janpinkava bradbird janpinkava pattonoswalt ianholm louromano pattonoswalt ianholm louromano named goal remy alliance great becoming dreams forming parisian animation family achieve comedy rat named remy dreams becoming great chef tries achieve goal forming alliance parisian restaurants garbage boy rat named remy dreams becoming great chef tries achieve goal forming alliance parisian restaurants garbage boy robertanderson sharoncalahan robertanderson sharoncalahan michaelgiacchino michaelgiacchino bradbird janpinkava bradbird janpinkava familysafe 2000s excellent masterpiece highquality popular known familyfriendly allages kidssafe disney
31,The Departed,Crime|Thriller|Drama,intense,2006,85,0.8,18,cult,An undercover cop and a mole in the police try to identify each other while infiltrating an Irish gang in Boston.,Martin Scorsese,"Leonardo DiCaprio, Matt Damon, Jack Nicholson","identify, police, irish, mole, infiltrating, drama, undercover, other, each, crime, while, boston, thriller",crimethrillerdrama crimethrillerdrama crimethrillerdrama intense intense martinscorsese martinscorsese martinscorsese martinscorsese leonardodicaprio mattdamon jacknicholson leonardodicaprio mattdamon jacknicholson identify police irish mole infiltrating drama undercover crime boston thriller undercover cop mole police try identify infiltrating irish gang boston undercover cop mole police try identify infiltrating irish gang boston michaelballhaus michaelballhaus howardshore howardshore williammonahan williammonahan cult 2000s good highlyrated popular known mature adultcontent rrated hbomax primevideo
32,Howl's Moving Castle,Animation|Fantasy|Romance,relaxing,2004,87,0.7,0,family-safe|cult,"When a young hat-maker is turned into an old woman by a witch's curse, she finds refuge in the magical moving castle of the wizard Howl.",Hayao Miyazaki,"Chieko Baishō, Takuya Kimura, Akihiro Miwa","witch, turned, young, curse, wizard, howl, into, woman, maker, magical, romance, animation, fantasy",animationfantasyromance animationfantasyromance animationfantasyromance relaxing relaxing hayaomiyazaki hayaomiyazaki hayaomiyazaki hayaomiyazaki chiekobaishō takuyakimura akihiromiwa chiekobaishō takuyakimura akihiromiwa witch turned young curse wizard howl into woman maker magical romance animation fantasy young hatmaker turned into old woman witchs curse finds refuge magical moving castle wizard howl young hatmaker turned into old woman witchs curse finds refuge magical moving castle wizard howl atsushiokui atsushiokui joehisaishi joehisaishi hayaomiyazaki hayaomiyazaki familysafe cult 2000s good highlyrated popular known familyfriendly allages kidssafe netflix hbomax
33,Parasite,Thriller|Drama|Comedy,intense,2019,96,0.9,16,cult,Greed and class discrimination threaten the newly formed symbiotic relationship between the wealthy Park family and the destitute Kim clan.,Bong Joon-ho,"Song Kang-ho, Lee Sun-kyun, Cho Yeo-jeong","discrimination, wealthy, formed, clan, relationship, greed, threaten, drama, newly, family, thriller, comedy, symbiotic",thrillerdramacomedy thrillerdramacomedy thrillerdramacomedy intense intense bongjoonho bongjoonho bongjoonho bongjoonho songkangho leesunkyun choyeojeong songkangho leesunkyun choyeojeong discrimination wealthy formed clan relationship greed threaten drama newly family thriller comedy symbiotic greed class discrimination threaten newly formed symbiotic relationship wealthy park family destitute kim clan greed class discrimination threaten newly formed symbiotic relationship wealthy park family destitute kim clan hongkyungpyo hongkyungpyo jungjaeil jungjaeil bongjoonho hanjinwon bongjoonho hanjinwon cult 2010s excellent masterpiece highquality blockbuster mainstream popular trending teenplus hulu primevideo
34,Before Sunrise,Romance|Drama,relaxing,1995,81,0.6,13,underrated,A young man and woman meet on a train and end up spending one romantic evening together in Vienna before going their separate ways.,Richard Linklater,"Ethan Hawke, Julie Delpy","going, young, meet, train, romantic, vienna, woman, ways, romance, evening, together, drama",romancedrama romancedrama romancedrama relaxing relaxing richardlinklater richardlinklater richardlinklater richardlinklater ethanhawke juliedelpy ethanhawke juliedelpy going young meet train romantic vienna woman ways romance evening together drama young man woman meet train end spending one romantic evening together vienna going separate ways young man woman meet train end spending one romantic evening together vienna going separate ways leedaniel leedaniel johannstraussiivariousartists johannstraussiivariousartists richardlinklater kimkrizan richardlinklater kimkrizan underrated 1990s good highlyrated niche indie hiddengem generalaudience primevideo appletv
35,Whiplash,Drama|Music,intense,2014,94,0.8,16,cult|underrated,A promising young drummer enrolls at a cut-throat music conservatory where his dreams of greatness are mentored by an abusive instructor.,Damien Chazelle,"Miles Teller, J.K. Simmons, Paul Reiser","young, promising, drummer, where, enrolls, music, dreams, mentored, abusive, drama, conservatory",dramamusic dramamusic dramamusic intense intense damienchazelle damienchazelle damienchazelle damienchazelle milesteller jksimmons paulreiser milesteller jksimmons paulreiser young promising drummer enrolls music dreams mentored abusive drama conservatory promising young drummer enrolls cutthroat music conservatory dreams greatness mentored abusive instructor promising young drummer enrolls cutthroat music conservatory dreams greatness mentored abusive instructor sharonemeir sharonemeir justinhurwitz justinhurwitz damienchazelle damienchazelle cult underrated 2010s excellent masterpiece highquality popular known teenplus netflix primevideo
36,Soul,Animation|Fantasy|Comedy,emotional,2020,89,0.7,0,family-safe,A middle-school music teacher's passion for jazz leads him on an extraordinary journey to discover what it means to have a soul.,"Pete Docter, Kemp Powers","Jamie Foxx, Tina Fey, Graham Norton","soul, have, middle, music, jazz, means, school, leads, what, animation, fantasy, extraordinary, comedy",animationfantasycomedy animationfantasycomedy animationfantasycomedy emotional emotional petedocter kemppowers petedocter kemppowers petedocter kemppowers petedocter kemppowers jamiefoxx tinafey grahamnorton jamiefoxx tinafey grahamnorton soul middle music jazz means school leads animation fantasy extraordinary comedy middleschool music teachers passion jazz leads extraordinary journey discover means soul middleschool music teachers passion jazz leads extraordinary journey discover means soul mattaspbury ianmegibben mattaspbury ianmegibben trentreznor atticusross jonbatiste trentreznor atticusross jonbatiste petedocter mikejones kemppowers petedocter mikejones kemppowers familysafe 2020s good highlyrated popular known familyfriendly allages kidssafe disney
37,Goodfellas,Crime|Drama,intense,1990,87,0.9,18,cult,"The story of Henry Hill and his life in the mob, covering his relationship with his wife Karen Hill and his mob partners.",Martin Scorsese,"Robert De Niro, Ray Liotta, Joe Pesci","karen, partners, story, henry, relationship, drama, hill, life, crime, covering, wife",crimedrama crimedrama crimedrama intense intense martinscorsese martinscorsese martinscorsese martinscorsese robertdeniro rayliotta joepesci robertdeniro rayliotta joepesci karen partners story henry relationship drama hill life crime covering wife story henry hill life mob covering relationship wife karen hill mob partners story henry hill life mob covering relationship wife karen hill mob partners michaelballhaus michaelballhaus nicholaspileggi martinscorsese nicholaspileggi martinscorsese cult 1990s good highlyrated blockbuster mainstream popular trending mature adultcontent rrated hbomax primevideo
38,The Princess Bride,Adventure|Comedy|Fantasy,fun,1987,84,0.8,0,cult|family-safe,"A farmhand-turned-pirate encounters numerous obstacles, enemies, and allies in his quest to be reunited with his true love.",Rob Reiner,"Cary Elwes, Robin Wright, Mandy Patinkin","allies, turned, obstacles, adventure, true, numerous, enemies, fantasy, farmhand, encounters, quest, love, comedy",adventurecomedyfantasy adventurecomedyfantasy adventurecomedyfantasy fun fun robreiner robreiner robreiner robreiner caryelwes robinwright mandypatinkin caryelwes robinwright mandypatinkin allies turned obstacles adventure true numerous enemies fantasy farmhand encounters quest love comedy farmhandturnedpirate encounters numerous obstacles enemies allies quest reunited true love farmhandturnedpirate encounters numerous obstacles enemies allies quest reunited true love adrianbiddle adrianbiddle markknopfler markknopfler williamgoldman williamgoldman cult familysafe 1980s good highlyrated popular known familyfriendly allages kidssafe disney primevideo
39,A Quiet Place,Horror|Thriller,intense,2018,80,0.7,16,underrated,"A family is forced to live in silence while hiding from creatures that hunt by sound, finding new ways to survive in a post-apocalyptic world.",John Krasinski,"Emily Blunt, John Krasinski, Millicent Simmonds","creatures, silence, horror, sound, forced, apocalyptic, world, post, ways, live, family, thriller",horrorthriller horrorthriller horrorthriller intense intense johnkrasinski johnkrasinski johnkrasinski johnkrasinski emilyblunt johnkrasinski millicentsimmonds emilyblunt johnkrasinski millicentsimmonds creatures silence horror sound forced apocalyptic world post ways live family thriller family forced live silence hiding creatures hunt sound finding new ways survive postapocalyptic world family forced live silence hiding creatures hunt sound finding new ways survive postapocalyptic world charlottebruuschristensen charlottebruuschristensen marcobeltrami marcobeltrami bryanwoods scottbeck johnkrasinski bryanwoods scottbeck johnkrasinski underrated 2010s good highlyrated popular known teenplus paramount primevideo
40,The Lion King,Animation|Adventure|Family,emotional,1994,88,0.9,0,cult|family-safe,"A young lion prince flees his kingdom after the murder of his father, only to learn the true meaning of responsibility and bravery.","Roger Allers, Rob Minkoff","Matthew Broderick, James Earl Jones, Jeremy Irons","young, father, flees, learn, adventure, true, family, lion, murder, meaning, kingdom, bravery, animation",animationadventurefamily animationadventurefamily animationadventurefamily emotional emotional rogerallers robminkoff rogerallers robminkoff rogerallers robminkoff rogerallers robminkoff matthewbroderick jamesearljones jeremyirons matthewbroderick jamesearljones jeremyirons young father flees learn adventure true family lion murder meaning kingdom bravery animation young lion prince flees kingdom murder father learn true meaning responsibility bravery young lion prince flees kingdom murder father learn true meaning responsibility bravery hanszimmer eltonjohn hanszimmer eltonjohn irenemecchi jonathanroberts lindawoolverton irenemecchi jonathanroberts lindawoolverton cult familysafe 1990s good highlyrated blockbuster mainstream popular trending familyfriendly allages kidssafe disney
41,Dune,Sci-Fi|Adventure,intense,2021,83,0.95,13,cult,"Paul Atreides, a brilliant and gifted young man, must travel to the most dangerous planet in the universe to ensure the future of his family and his people.",Denis Villeneuve,"Timothée Chalamet, Rebecca Ferguson, Oscar Isaac","paul, young, atreides, brilliant, most, gifted, planet, future, adventure, travel, dangerous, sci-fi",scifiadventure scifiadventure scifiadventure intense intense denisvilleneuve denisvilleneuve denisvilleneuve denisvilleneuve timothéechalamet rebeccaferguson oscarisaac timothéechalamet rebeccaferguson oscarisaac paul young atreides brilliant gifted planet future adventure travel dangerous scifi paul atreides brilliant gifted young man must travel dangerous planet universe ensure future family people paul atreides brilliant gifted young man must travel dangerous planet universe ensure future family people greigfraser greigfraser hanszimmer hanszimmer jonspaihts denisvilleneuve ericroth jonspaihts denisvilleneuve ericroth cult 2020s good highlyrated blockbuster mainstream popular trending generalaudience hbomax primevideo
42,Everything Everywhere All at Once,Sci-Fi|Comedy|Action,fun,2022,89,0.9,16,cult|underrated,"An aging Chinese immigrant is swept up in an insane adventure, where she alone can save the world by exploring other universes.","Daniel Kwan, Daniel Scheinert","Michelle Yeoh, Stephanie Hsu, Ke Huy Quan","immigrant, save, universes, world, alone, adventure, where, swept, chinese, comedy, other, action, sci-fi",scificomedyaction scificomedyaction scificomedyaction fun fun danielkwan danielscheinert danielkwan danielscheinert danielkwan danielscheinert danielkwan danielscheinert michelleyeoh stephaniehsu kehuyquan michelleyeoh stephaniehsu kehuyquan immigrant save universes world alone adventure swept chinese comedy action scifi aging chinese immigrant swept insane adventure alone save world exploring universes aging chinese immigrant swept insane adventure alone save world exploring universes larkinseiple larkinseiple sonlux sonlux danielkwan danielscheinert danielkwan danielscheinert cult underrated 2020s good highlyrated blockbuster mainstream popular trending teenplus primevideo
43,The Batman,Action|Crime|Drama,intense,2022,85,0.88,13,,"When a sadistic serial killer begins murdering key political figures, Batman is forced to investigate the city's hidden corruption.",Matt Reeves,"Robert Pattinson, Zoë Kravitz, Paul Dano","forced, batman, corruption, drama, serial, killer, political, figures, murdering, hidden, sadistic, action, crime",actioncrimedrama actioncrimedrama actioncrimedrama intense intense mattreeves mattreeves mattreeves mattreeves robertpattinson zoëkravitz pauldano robertpattinson zoëkravitz pauldano forced batman corruption drama serial killer political figures murdering hidden sadistic action crime sadistic serial killer begins murdering key political figures batman forced investigate citys hidden corruption sadistic serial killer begins murdering key political figures batman forced investigate citys hidden corruption greigfraser greigfraser michaelgiacchino michaelgiacchino mattreeves petercraig mattreeves petercraig 2020s good highlyrated popular known generalaudience hbomax
45,Top Gun: Maverick,Action|Drama,fun,2022,88,0.92,13,,"After thirty years, Maverick is still pushing the envelope as a top naval aviator, but must confront ghosts of his past when he leads TOP GUN's elite graduates on a mission.",Joseph Kosinski,"Tom Cruise, Miles Teller, Jennifer Connelly","years, still, envelope, pushing, aviator, confront, mission, ghosts, drama, action, past, when",actiondrama actiondrama actiondrama fun fun josephkosinski josephkosinski josephkosinski josephkosinski tomcruise milesteller jenniferconnelly tomcruise milesteller jenniferconnelly years still envelope pushing aviator confront mission ghosts drama action past thirty years maverick still pushing envelope top naval aviator must confront ghosts past leads top guns elite graduates mission thirty years maverick still pushing envelope top naval aviator must confront ghosts past leads top guns elite graduates mission claudiomiranda claudiomiranda haroldfaltermeyer hanszimmer lornebalfe haroldfaltermeyer hanszimmer lornebalfe ehrenkruger ericwarrensinger christophermcquarrie ehrenkruger ericwarrensinger christophermcquarrie 2020s good highlyrated blockbuster mainstream popular trending generalaudience paramount primevideo
46,La La Land,Comedy|Drama|Romance,emotional,2016,80,0.82,13,,"While navigating their careers in Los Angeles, a pianist and an actress fall in love while attempting to reconcile their aspirations for the future.",Damien Chazelle,"Ryan Gosling, Emma Stone, John Legend","actress, reconcile, attempting, pianist, future, careers, romance, their, aspirations, love, drama, angeles, comedy",comedydramaromance comedydramaromance comedydramaromance emotional emotional damienchazelle damienchazelle damienchazelle damienchazelle ryangosling emmastone johnlegend ryangosling emmastone johnlegend actress reconcile attempting pianist future careers romance aspirations love drama angeles comedy navigating careers los angeles pianist actress fall love attempting reconcile aspirations future navigating careers los angeles pianist actress fall love attempting reconcile aspirations future linussandgren linussandgren justinhurwitz justinhurwitz damienchazelle damienchazelle 2010s good highlyrated popular known generalaudience netflix
47,Spider-Man: Into the Spider-Verse,Animation|Action|Adventure,fun,2018,84,0.88,0,family-safe|cult,"Teen Miles Morales becomes the Spider-Man of his universe, and must join with five spider-powered individuals from other dimensions to stop a threat for all realities.","Peter Ramsey, Robert Persichetti Jr., Rodney Rothman","Shameik Moore, Jake Johnson, Hailee Steinfeld","threat, powered, individuals, adventure, spider, realities, teen, join, five, other, dimensions, animation, action",animationactionadventure animationactionadventure animationactionadventure fun fun peterramsey robertpersichettijr rodneyrothman peterramsey robertpersichettijr rodneyrothman peterramsey robertpersichettijr rodneyrothman peterramsey robertpersichettijr rodneyrothman shameikmoore jakejohnson haileesteinfeld shameikmoore jakejohnson haileesteinfeld threat powered individuals adventure spider realities teen join five dimensions animation action teen miles morales becomes spiderman universe must join five spiderpowered individuals dimensions stop threat realities teen miles morales becomes spiderman universe must join five spiderpowered individuals dimensions stop threat realities danielpemberton danielpemberton phillord rodneyrothman phillord rodneyrothman familysafe cult 2010s good highlyrated popular known familyfriendly allages kidssafe primevideo
48,Knives Out,Comedy|Crime|Drama,fun,2019,79,0.81,13,,"A detective investigates the death of a patriarch of an eccentric, combative family.",Rian Johnson,"Daniel Craig, Chris Evans, Ana de Armas","eccentric, combative, patriarch, investigates, death, drama, family, crime, detective, comedy",comedycrimedrama comedycrimedrama comedycrimedrama fun fun rianjohnson rianjohnson rianjohnson rianjohnson danielcraig chrisevans anadearmas danielcraig chrisevans anadearmas eccentric combative patriarch investigates death drama family crime detective comedy detective investigates death patriarch eccentric combative family detective investigates death patriarch eccentric combative family steveyedlin steveyedlin nathanjohnson nathanjohnson rianjohnson rianjohnson 2010s average decent popular known generalaudience primevideo
49,Gladiator,Action|Adventure|Drama,intense,2000,85,0.84,16,cult,A former Roman General sets out to exact vengeance against the corrupt emperor who murdered his family and sent him into slavery.,Ridley Scott,"Russell Crowe, Joaquin Phoenix, Connie Nielsen","murdered, roman, emperor, against, into, adventure, corrupt, drama, general, former, family, exact, action",actionadventuredrama actionadventuredrama actionadventuredrama intense intense ridleyscott ridleyscott ridleyscott ridleyscott russellcrowe joaquinphoenix connienielsen russellcrowe joaquinphoenix connienielsen murdered roman emperor into adventure corrupt drama general former family exact action former roman general sets exact vengeance corrupt emperor murdered family sent into slavery former roman general sets exact vengeance corrupt emperor murdered family sent into slavery johnmathieson johnmathieson hanszimmer lisagerrard hanszimmer lisagerrard davidfranzoni johnlogan williamnicholson davidfranzoni johnlogan williamnicholson cult 2000s good highlyrated popular known teenplus netflix primevideo
51,Arrival,Drama|Sci-Fi,emotional,2016,79,0.77,13,underrated,A linguist works with the military to communicate with alien lifeforms after twelve mysterious spacecraft appear around the world.,Denis Villeneuve,"Amy Adams, Jeremy Renner, Forest Whitaker","linguist, appear, mysterious, around, communicate, world, lifeforms, drama, twelve, spacecraft, works, sci-fi",dramascifi dramascifi dramascifi emotional emotional denisvilleneuve denisvilleneuve denisvilleneuve denisvilleneuve amyadams jeremyrenner forestwhitaker amyadams jeremyrenner forestwhitaker linguist appear mysterious around communicate world lifeforms drama twelve spacecraft works scifi linguist works military communicate alien lifeforms twelve mysterious spacecraft appear around world linguist works military communicate alien lifeforms twelve mysterious spacecraft appear around world bradfordyoung bradfordyoung jóhannjóhannsson jóhannjóhannsson ericheisserer ericheisserer underrated 2010s average decent popular known generalaudience netflix paramount
54,Ex Machina,Drama|Sci-Fi|Thriller,intense,2014,77,0.75,16,underrated,A young programmer is selected to participate in a ground-breaking experiment in synthetic intelligence by evaluating the human qualities of a highly advanced humanoid A.I.,Alex Garland,"Domhnall Gleeson, Alicia Vikander, Oscar Isaac","participate, young, experiment, intelligence, selected, human, ground, advanced, programmer, synthetic, drama, thriller, sci-fi",dramascifithriller dramascifithriller dramascifithriller intense intense alexgarland alexgarland alexgarland alexgarland domhnallgleeson aliciavikander oscarisaac domhnallgleeson aliciavikander oscarisaac participate young experiment intelligence selected human ground advanced programmer synthetic drama thriller scifi young programmer selected participate groundbreaking experiment synthetic intelligence evaluating human qualities highly advanced humanoid ai young programmer selected participate groundbreaking experiment synthetic intelligence evaluating human qualities highly advanced humanoid ai robhardy robhardy geoffbarrow bensalisbury geoffbarrow bensalisbury alexgarland alexgarland underrated 2010s average decent popular known teenplus hbomax primevideo
60,Joker,Crime|Drama|Thriller,intense,2019,84,0.88,18,,"In Gotham City, mentally troubled comedian Arthur Fleck is disregarded and mistreated by society. He then embarks on a downward spiral of revolution and bloody crime.",Todd Phillips,"Joaquin Phoenix, Robert De Niro, Zazie Beetz","then, embarks, fleck, comedian, revolution, gotham, mentally, bloody, drama, disregarded, crime, spiral, thriller",crimedramathriller crimedramathriller crimedramathriller intense intense toddphillips toddphillips toddphillips toddphillips joaquinphoenix robertdeniro zaziebeetz joaquinphoenix robertdeniro zaziebeetz embarks fleck comedian revolution gotham mentally bloody drama disregarded crime spiral thriller gotham city mentally troubled comedian arthur fleck disregarded mistreated society embarks downward spiral revolution bloody crime gotham city mentally troubled comedian arthur fleck disregarded mistreated society embarks downward spiral revolution bloody crime lawrencesher lawrencesher hildurguðnadóttir hildurguðnadóttir toddphillips scottsilver toddphillips scottsilver 2010s good highlyrated popular known mature adultcontent rrated hbomax primevideo
